Model,R² Score,RMSE (min),MAE (min)
XGBoost,0.15976465798591455,29.176592679438524,23.000557083129884
Gradient Boosting,0.1580925376690746,29.205609862425465,23.040481696790366
Random Forest,0.1463114226840514,29.409242281692528,23.112239956312166
Linear Regression,0.09616481142848587,30.260682769178295,24.148548649912573
